오예준,대구광역시 북구 석촌호수가 (민지문리),82420,주식회사 최장김,환경공학 시험원,070-4542-3612,mijeonggim@example.org,iminjae,10.13.77.228,53.60.114.254,출판된 역수 인코딩,NavajoWhite
최준호,인천광역시 관악구 역삼길,44901,주식회사 윤,시각 디자이너,064-732-0905,eunyeong24@example.net,jeongsubag,10.122.121.243,138.9.91.121,품질 중심의 멀티미디어 보안구역,MediumSlateBlue
김윤서,전라남도 동해시 오금가,24785,박이,경기심판 및 경기기록원,017-689-3612,seungminryu@example.org,qgim,192.168.176.94,151.27.198.196,안정적인 모듈형 축적,PapayaWhip
김정자,전라북도 금산군 개포009길,03711,(유) 양,판사 및 검사,019-761-5252,jgim@example.org,jeonghyi63,192.168.79.181,196.191.177.44,선택적 해답 기반 아키텍쳐,MediumOrchid
김영진,광주광역시 마포구 오금10길,57204,(유) 김,변리사,041-775-3577,jinugim@example.org,seongjin62,172.25.128.137,193.189.238.253,공개 아키텍쳐 24시간 관리자,DeepPink
김경수,경상북도 용인시 압구정47로,17621,주식회사 김,기자 및 논설위원,031-378-3348,dohyeon14@example.net,eseo,192.168.10.34,216.51.137.55,안전한 휴대형 프로젝트,LightPink
김정자,서울특별시 광진구 석촌호수길,34921,주식회사 최최김,해외 영업원,016-096-4381,cunjai@example.com,hyeonsug38,10.6.180.221,155.71.130.203,관리된 다음 세대 태도,WhiteSmoke
이정훈,부산광역시 강서구 오금거리 (민서송리),93820,(주) 이박남,금속공작기계 조작원,010-7954-8066,doyun91@example.net,esong,10.107.49.189,31.29.33.94,무결점의 6세대 구조체,Silver
윤현정,광주광역시 강남구 개포635길,77286,(주) 이박이,정보 시스템 운영자,063-971-4131,sryu@example.net,eungyeong95,172.29.207.59,142.215.120.231,공개 키 비동기 성공,LemonChiffon
최지연,서울특별시 서구 테헤란25길,91120,주식회사 최,도시 및 교통설계 전문가,032-749-2944,ui@example.com,hi,172.20.49.184,148.40.138.199,공개 키 다이나믹 접근,BurlyWood
김예준,전라북도 양주시 봉은사거리,49786,박김김,자연과학 시험원,032-357-1496,jiu74@example.com,fgim,192.168.46.225,180.12.170.238,줄어든 역수 허브,Salmon
김서윤,광주광역시 금천구 잠실거리 (은영강읍),16889,김이황,외선전공,055-979-3379,ryueungyeong@example.net,coejihun,172.27.203.30,136.32.137.66,다중 주파수 실시간 벤치마크,Salmon
문은서,충청북도 광명시 테헤란3로 (민준최이리),02137,장김이,보일러 설치 및 정비원,018-261-7408,yunseojeong@example.org,coedonghyeon,192.168.73.187,51.243.116.35,품질 중심의 로컬 패러다임,DarkViolet
우경희,울산광역시 용산구 논현길,39847,권이,주조기 조작원,017-955-5719,jinho63@example.com,sanghyeoni,10.248.127.50,80.57.123.87,디지털화된 국가적 데이터베이스,MediumVioletRed
김옥순,강원도 의왕시 석촌호수2가 (하윤박김면),06515,박김김,자연과학 연구원,042-825-1556,seongseongho@example.com,jeongsungweon,10.197.60.197,216.20.29.241,프로그래밍 가능한 장거리 포탈,Cyan
백우진,울산광역시 도봉구 반포대가 (정순이읍),07107,(유) 김이이,환경 미화원 및 재활용품 수거원,053-709-9681,bagjihu@example.net,yeji76,172.17.79.42,204.53.37.64,공유 가능한 글로벌 융합,GoldenRod
조민석,전라북도 금산군 석촌호수길,65868,이박홍,화학공학 시험원,061-558-9045,di@example.com,jimingim,172.26.134.125,223.40.81.10,완벽히 설정된 밀착 어댑터,AliceBlue
오정순,대전광역시 강북구 가락로 (예진김면),56080,주식회사 조,석유 및 천연가스제조 관련 제어장치 조작원,010-4986-3367,qi@example.org,ihyeonjeong,192.168.202.85,159.196.243.64,변경 가능한 휴대형 구조체,FireBrick
이성훈,경상북도 천안시 서북구 선릉가 (우진박이리),21695,유한회사 민박황,소방공학 기술자 및 연구원,064-704-8186,gimseungmin@example.net,ii,172.22.218.246,218.22.129.56,다용도 환경 친화적 제품,Salmon
서준영,인천광역시 북구 논현1가 (성민노읍),20312,주식회사 박,안경사,054-250-2621,yeonghyi13@example.com,hyeonui,10.255.52.95,144.246.36.232,더 작아진 분석중인 접근,ForestGreen
백성현,경상북도 고양시 덕양구 개포거리 (은영박이리),82825,(주) 김박전,외선전공,019-953-2027,tgim@example.org,yeji63,10.175.200.127,71.166.142.141,디지털화된 인간자원 계층,Yellow
김영순,충청남도 의정부시 압구정길 (예준김동),17767,한한,통신서비스판매원,010-2500-4092,hwangjiyeon@example.net,haeun94,10.244.31.165,140.252.144.26,수익에 중점을 둔 24시간 안내 창구,LightGoldenRodYellow
박명숙,강원도 오산시 언주02길,89164,(유) 김김김,자연과학 시험원,062-940-9443,jihyeonson@example.net,jihyeoni,192.168.1.133,114.85.63.52,원활한 지역적 미디어 정보,BurlyWood
김성호,광주광역시 구로구 강남대길,07440,유한회사 김,병무행정 사무원,063-461-4660,ajin@example.com,mi,192.168.42.51,221.84.209.253,조직화된 근본적 설치과정,LawnGreen
박성진,전라북도 철원군 압구정로,82177,(주) 서,기타 직물 및 신발 관련 기계조작원 및 조립원,010-6651-2624,yejin33@example.net,jeonghun24,172.26.92.154,167.245.51.62,업그레이드 가능한 분리된 프레임워크,Indigo
이혜진,광주광역시 서구 서초중앙101길 (성민윤손마을),11378,최김송,조경 기술자,010-6403-4026,sujingim@example.com,bageunju,10.180.8.247,104.43.252.53,모니터링되는 모듈형 안내 창구,Green
김정남,전라북도 보은군 서초대9로,11877,(주) 김,화가 및 조각가,051-263-0915,sujingim@example.com,igim,172.25.239.182,177.126.58.41,최전방 안정적 포탈,LightSlateGray
박경숙,전라북도 수원시 장안구 잠실193가,32677,유한회사 김,시각 디자이너,043-873-0560,borambag@example.net,junyeong47,192.168.9.243,220.161.3.68,확대된 확장 우연성,DarkViolet
이정식,전라북도 금산군 서초대로 (지원송리),24128,유한회사 김한이,국가/지방 및 공공행정 사무원,055-713-2433,ijihun@example.com,hyeonju24,10.167.198.75,29.96.46.176,크로스 그룹 해답 기반 컨셉,Gray
이윤서,대전광역시 도봉구 백제고분443거리 (지후한박리),81813,주식회사 박박이,인사 및 노사 관련 전문가,052-597-5020,juweoni@example.org,jihugim,172.25.36.117,175.119.205.92,미래가 보장된 해답 기반 엑스트라넷,Indigo
