오현우,울산광역시 중구 반포대9거리,17632,주식회사 장박황,간병인,019-479-2066,gimsangceol@example.net,gimjiu,10.198.124.121,156.175.136.144,함수 기반의 글로벌 프레임워크,BlanchedAlmond
장영식,인천광역시 양천구 논현로,50726,유한회사 장김이,섀시 조립 및 설치원,032-542-5561,ni@example.com,hyeonu58,10.204.122.84,185.198.109.171,리버스 엔지니어링된 멀티미디어 허브,Turquoise
이정훈,세종특별자치시 서초구 개포거리,50074,(유) 문김김,상품중개인 및 경매사,033-978-8831,hyeonu87@example.com,eungyeonggim,10.76.26.2,75.211.63.207,자가 이용 가능한 합성물 에뮬레이션,DarkOrchid
박명숙,인천광역시 마포구 가락431길 (은경박동),89552,조김최,간병인,044-154-2065,munareum@example.com,si,172.30.235.46,203.150.199.171,1:1 보조 환경,Green
김광수,부산광역시 성북구 잠실거리 (경수이읍),40258,유한회사 권이이,문리 및 어학 강사,032-450-1084,di@example.org,subin15,10.219.39.6,180.202.99.64,중심이 24시간 소프트웨어,Sienna
김은경,경상남도 가평군 석촌호수283가 (영환김김리),93106,심박강,마술사 및 기타 문화/ 예술 관련 종사자,02-7912-4992,ogo@example.org,di,172.25.225.125,204.23.249.188,오픈소스 범국가적 관리자,ForestGreen
유은정,전라북도 계룡시 역삼5가,48014,주식회사 안이김,비파괴 검사원,043-241-3084,jujihyeon@example.org,gangyunseo,192.168.92.16,104.123.186.224,독보적인 헌신적 전략,FloralWhite
이춘자,인천광역시 종로구 역삼4가,36648,문김,일식 주방장 및 조리사,041-822-1700,yeongsugson@example.net,jeongjinu,172.31.109.135,185.175.66.232,멀티 채널 합성물 암호화,Crimson
임현준,경상남도 태백시 서초대길 (성현이이면),10216,주식회사 박박이,건설 및 광업 관련 관리자,051-761-2647,kgim@example.com,gimyeongjin,192.168.214.28,31.84.35.149,크로스 그룹 객체 지향적 보안구역,Tan
강지훈,울산광역시 종로구 논현가 (지연최읍),89324,이한박,낙농업관련 종사원,044-570-7520,gyeongsu45@example.com,byeongceol72,192.168.112.44,206.10.107.224,낮은 물류 솔루션,LavenderBlush
김영진,전라남도 고양시 반포대가 (순옥박이리),47259,(주) 김,웹 및 멀티미디어 디자이너,052-320-7811,jihyeongim@example.net,jihyeoncoe,172.28.148.71,154.129.67.229,크로스 그룹 최대화 펌웨어,SteelBlue
윤준영,울산광역시 노원구 역삼거리,21222,강한박,웹 및 멀티미디어 기획자,033-106-9255,bagjimin@example.org,cbag,192.168.249.174,217.60.150.127,크로스 플랫폼 작동 GUI,Blue
조준호,전라남도 원주시 압구정가,36198,(유) 김이문,보조 교사 및 기타 교사,064-719-0872,gimyeongmi@example.com,jihyeon31,10.157.239.110,78.18.136.205,무결점의 최대화 설치과정,DarkOrchid
김보람,부산광역시 금천구 잠실가,67217,박이,인문과학 연구원,043-068-6299,yunseo30@example.com,jeongho54,192.168.253.169,63.92.176.220,오픈소스 취약점 회로,Salmon
강옥자,충청남도 부여군 개포8거리,02699,유한회사 김,건설 및 채굴 기계 운전원,016-496-2089,iyunseo@example.com,jieuni,172.25.216.52,83.176.178.68,공유 가능한 방향 정책,Bisque
김민석,대구광역시 서구 가락가 (경수김읍),71868,양김,중/고등학교 교사,010-5007-1631,seominjae@example.org,junseogim,10.116.150.218,192.57.164.162,수익에 중점을 둔 안정적 예보,Bisque
김선영,강원도 고성군 영동대4길,66449,강장김,기타 사무원,041-102-7332,jiweonbae@example.net,hwangujin,192.168.201.2,18.223.14.175,크로스 그룹 필수 예보,Aqua
이승현,충청남도 동두천시 가락길 (도윤김이마을),30057,김이김,화가 및 조각가,042-807-9111,hgim@example.net,cunjai,10.159.94.147,128.16.142.91,융합된 최적화된 아키텍쳐,CornflowerBlue
오예진,서울특별시 동대문구 선릉042거리 (상훈이최읍),45226,(주) 이김서,오락시설 서비스원,018-243-9124,gimsangceol@example.org,doyun59,10.145.63.107,218.252.145.252,재정렬 실시간 예산 관리,Sienna
최현정,광주광역시 동구 가락251가 (정웅박동),29816,(유) 김,금형원,043-642-8528,jungsubag@example.com,hwangeungyeong,172.27.44.182,133.30.120.161,트리플 버퍼 하이브리드 아키텍쳐,SeaGreen
이현정,대구광역시 동대문구 도산대3가 (지우진면),17344,김윤권,외선전공,042-207-0719,ni@example.org,hyeonui,172.16.155.166,103.73.141.66,유기농 작동 접근,DarkSlateBlue
안준혁,제주특별자치도 양평군 역삼거리,12084,강박,투자 및 신용 분석가,062-056-0274,zgo@example.com,gwangsugim,192.168.55.170,64.215.192.2,변경 가능한 주파수 탐지 가능 함수,DarkBlue
박미정,인천광역시 동작구 봉은사87거리 (영순양김동),27985,한권문,회계사,042-758-7894,seoyun02@example.com,hyeonju84,192.168.246.221,172.162.184.192,멀티 채널 3세대 능력,Cornsilk
장민지,대구광역시 중구 학동로,99953,주식회사 백양김,주조기 조작원,033-348-1278,yeeungim@example.com,ihayun,10.14.134.251,216.171.248.128,함수 기반의 모듈형 GUI,MistyRose
김은정,경기도 청주시 청원구 삼성거리 (경수문김동),08270,강김양,기타 주방장 및 조리사,052-990-5496,ji@example.net,gimjongsu,172.26.245.38,156.23.237.234,융합력있는 안정적 프로토콜,AliceBlue
정옥순,전라북도 아산시 봉은사길,38781,이김장,통신 및 방송송출 장비 기사,063-134-1530,agim@example.net,yejin46,192.168.135.94,85.191.98.179,더 작아진 비동기 포탈,LightSteelBlue
조예은,제주특별자치도 군포시 개포가 (성진이동),02710,주식회사 송이주,출납창구 사무원,054-438-5568,jiu86@example.org,sangceolcoe,10.210.28.120,220.73.181.1,업그레이드 가능한 정적 정의,Moccasin
이영길,전라북도 양주시 테헤란8길 (민석김리),05306,주식회사 오,가구 제조 및 수리원,032-581-9687,ho@example.net,bagyeongceol,192.168.69.14,177.237.247.193,융합된 다이나믹 웹 사이트,DarkKhaki
한상현,전라남도 광주시 잠실645거리 (우진차김마을),25233,(주) 김,건축 목공,041-951-8601,ugim@example.net,yeongceolbag,172.21.240.141,210.226.255.248,더 커진 4세대 공구,White
김서준,충청남도 구리시 학동0로,88392,(유) 이,가사 도우미,016-958-0840,ogsuncoe@example.org,ngim,192.168.10.56,198.235.251.245,변경 가능한 클라이언트 단 접근,Silver
